customer_id,username,email,nombre,password,customer_city,direccion,documento_de_identidad
1,hugh.womble6494,gonzalezhelena@example.com,Hugh Womble,tD6kWwEM!r,Cartagena,"Cr. 167 Bis Q # 4-96 Sur, El Tarra, 706881",0615957315
2,martin.ling7414,luis34@example.net,Martin Ling,9_44+MN9jk,BogotÃ¡,"Av. San Francisco # 92Y-6 Sur, Guayabetal, 542375",6238537797
3,deane.archibald7614,saul82@example.com,Deane Archibald,(nCQ8JHJb9,MedellÃ­n,"Carrera 119 # 2B-8 Sur, PiendamÃ³ - TunÃ­a, 521474",5287761705
4,edward.turkus9123,omar48@example.net,Edward Turkus,$SdhZRsn68,BogotÃ¡,"Tr. 8Âª # 38O-7, Marinilla, 972059",5238930527
5,melissa.tussey2924,frojas@example.org,Melissa Tussey,p3bJPE#c*g,MedellÃ­n,"Avenida calle 15 # 7-28 Sur, GuÃ¡tica, 192182",5421084834
6,priscilla.blackburn3438,lopezlina@example.com,Priscilla Blackburn,i^8hJ3NfBI,Cartagena,"Carrera 85H # 77-52 Este, Soplaviento, 183060",0834090048
7,mark.davis4109,pachecoaurora@example.org,Mark Davis,p6LHCVHo$G,Cartagena,"Cl. 20 # 1-22, GuachenÃ©, 978296",8827185057
8,althea.thompson428,rubielazambrano@example.com,Althea Thompson,)cg1QBmiyy,MedellÃ­n,"Carrera 66 # 68-5 Sur, La Ceja, 631594",5271756902
9,lorraine.payne6919,bperez@example.com,Lorraine Payne,F00Iiz3B2),Cali,"Cl. 56 # 10-20 Sur, Betania, 662025",2060053503
10,antonio.imhof3586,gloriaprada@example.com,Antonio Imhof,W$!4uQVymr,Cali,"Carrera 18E Bis # 25-3, DonmatÃ­as, 762859",2089898749
11,jose.moritz3300,elena15@example.net,Jose Moritz,z8BzTz(Q&j,Cali,"Carrera 4E # 41-9, California, 912599",2146310376
12,bessie.eskridge8660,karol34@example.com,Bessie Eskridge,&z32UmHbx(,BogotÃ¡,"Cl. 121W Este # 4-9 Este, Urrao, 996221",5074965719
13,rebekah.girouard1775,vivianamartinez@example.org,Rebekah Girouard,I+mS7FgaCt,Cartagena,"Carrera 52 # 80-6 Sur, Tangua, 115081",2066522318
14,jerry.hunter6552,fabian38@example.net,Jerry Hunter,&eDYMvJqB8,Cali,"Carrera 140U Bis E # 8-40 Este, Sogamoso, 131864",1090652255
15,christopher.garfinkle9702,pmendez@example.com,Christopher Garfinkle,)LOR#d!q25,Cartagena,"Carrera 12 # 75-73 Este, CoveÃ±as, 955822",6000322905
16,melissa.delcamp9341,jesusacevedo@example.com,Melissa Delcamp,ZO1aEPcbA*,BogotÃ¡,"Cl. 4Âª # 3H-5 Este, MontelÃ­bano, 866948",3180441402
17,alyce.montney3749,helena40@example.com,Alyce Montney,Mw5RuzqB_h,Cartagena,"Avenida Silos # 79-2 Sur, Piedras, 528183",0673952947
18,andrew.bell3940,danna14@example.com,Andrew Bell,&L1PWSvBw),Cartagena,"Calle 122 # 46-9 Este, ChinchinÃ¡, 194647",4185035706
19,michael.buckman8508,alexander87@example.org,Michael Buckman,pJMnE!hl^5,BogotÃ¡,"Av. calle 2Âª # 3-44 Este, MistratÃ³, 864889",4765623572
20,donald.hughes5593,yperdomo@example.net,Donald Hughes,d1(G1Ch9)_,Cartagena,"Avenida carrera 4Âª # 34O-7 Este, San Luis de Gaceno, 196914",4036841466
21,david.genova3460,maria80@example.net,David Genova,@v*#lMTr!3,Cartagena,"Cl. 180H # 6-14 Sur, San Juan Nepomuceno, 882456",1582866583
22,francisco.beaulieu9213,fernandogarcia@example.org,Francisco Beaulieu,$fo#N^lc0C,Cali,"Calle 77 # 97K-83 Este, Honda, 857227",6734970005
23,curtis.smith2584,lbarbosa@example.net,Curtis Smith,_XW4sShZ59,BogotÃ¡,"Cl. 2W Este # 7-8 Sur, San Pablo de Borbur, 704558",2020717450
24,lupe.washington441,gomezalberto@example.org,Lupe Washington,iS4W*3HhAw,Cali,"Carrera 90 # 8-5, Macanal, 687712",1365802093
25,michael.peirce3455,torresadriana@example.com,Michael Peirce,+jalL^dAJ3,BogotÃ¡,"Dg. 5Âª # 1-7 Este, Anserma, 234219",7833008129
26,nathan.bailey422,jairo90@example.org,Nathan Bailey,wj6NZ0L6w&,Cartagena,"Calle 14 # 65D-1 Sur, Sucre, 185959",7541946309
27,michael.slattery2176,jorge74@example.com,Michael Slattery,3!82VeY_@@,BogotÃ¡,"Cr. 126 Sur # 19-8, ValparaÃ­so, 994792",1398789674
28,derek.francescone5535,rodrigo93@example.net,Derek Francescone,+1iYZAZv*D,Cali,"Tr. 103G # 8-66 Sur, Santa BÃ¡rbara, 417649",1647734299
29,karlene.james8734,kcastro@example.net,Karlene James,+*Q4PiBiKS,Cali,"Carrera 20 # 8-62 Este, AgustÃ­n Codazzi, 135699",2055803884
30,bertha.baker1054,ortegadayana@example.net,Bertha Baker,U6Oui&7V(r,Cali,"Calle 177 # 8-62, Sabanas de San Ãngel, 949686",3183869325
31,sarah.covert5550,antonio80@example.net,Sarah Covert,!t5Fhci(At,Cali,"Cl. 85 # 7-67 Sur, El Doncello, 634032",8836157430
32,martha.knight9936,ingrid49@example.org,Martha Knight,2m!UAW7j#$,Cartagena,"Calle 116 # 92Z-67, Santa FÃ© de Antioquia, 992129",5925281427
33,danny.rodriguez4462,vargasmarina@example.net,Danny Rodriguez,7T0HRojY+*,MedellÃ­n,"Av. carrera 13 # 5Y-19 Sur, Carolina, 952344",5025830695
34,jill.phillips6803,uribeluis@example.org,Jill Phillips,U+35X_Fk9K,Cartagena,"Carrera 30 # 98-2 Sur, VegachÃ­, 171440",6690031663
35,drew.fleniken3603,samir66@example.net,Drew Fleniken,sI8K0ZFs)L,BogotÃ¡,"Cl. 3Âª # 4-7 Sur, Chitaraque, 855558",5634467792
36,patricia.hopfensperger2565,dcontreras@example.net,Patricia Hopfensperger,z7bIm1ni_J,Cartagena,"Diagonal 51 # 4-81 Este, ChaguanÃ­, 660224",6843954506
37,cynthia.tureson3655,miguelvargas@example.org,Cynthia Tureson,^3&7VHSzOu,MedellÃ­n,"Calle 82S # 23-2 Este, Argelia, 990897",8468973030
38,harriett.schultz7464,joseorozco@example.net,Harriett Schultz,#r^*MdgD0L,MedellÃ­n,"Dg. 3Âª # 65-8, Villahermosa, 159329",5595355342
39,roxanne.evans5780,gutierrezcristina@example.com,Roxanne Evans,$1nT9PHr_c,Cartagena,"Av. carrera 181 # 6I-72, San Luis de Gaceno, 184822",5098777425
40,richard.lewis9032,ocardona@example.org,Richard Lewis,abrNzIr5(3,Cali,"Avenida Luna # 31-5, AbriaquÃ­, 661440",2122856464
41,don.henry3320,sebastian79@example.net,Don Henry,rZ3We&VxE),Cartagena,"Av. Gil # 77T-41 Este, MaripÃ­, 232444",9477745066
42,lanny.barkley2831,paola93@example.org,Lanny Barkley,%%5mNIIs*(,BogotÃ¡,"Carrera 183 # 48-9 Sur, Curillo, 706038",0099206340
43,george.martin8007,erika44@example.org,George Martin,93SIW^3k$3,Cartagena,"Carrera 96 # 80-7 Este, FacatativÃ¡, 991431",4106921529
44,david.waller5993,beltranelkin@example.org,David Waller,u4HLxhBa_v,Cali,"Av. calle 28 # 5J-22 Sur, JordÃ¡n, 258549",3514913819
45,amanda.richard2704,hocampo@example.com,Amanda Richard,8uGNGd+c!6,MedellÃ­n,"Carrera 2X # 63-32, RÃ¡quira, 880511",2688114425
46,homer.blanco5419,acaicedo@example.org,Homer Blanco,@Cv$8BaD3G,Cali,"Calle 85D Bis # 8-29, Abejorral, 680412",8538448371
47,william.kenyon7572,diazisabel@example.com,William Kenyon,jc^7TFe*GH,Cartagena,"Cl. 3Âª # 4E-20 Este, GÃ¡mbita, 194930",7116904177
48,whitney.anderton9604,lopezjefferson@example.net,Whitney Anderton,F%4iGJMnJ9,BogotÃ¡,"Cr. 6 Bis # 3-5 Este, Envigado, 737271",3310688737
49,josefina.edison7385,kposada@example.org,Josefina Edison,Lr_6GqWkkH,BogotÃ¡,"Carrera 191 Sur # 2-5 Este, Francisco Pizarro, 737168",7608614514
50,jennifer.spasiano4474,juan24@example.net,Jennifer Spasiano,sZ84If$u*%,MedellÃ­n,"Calle 45 # 3-7, Urumita, 413101",7830320566
51,christopher.valadez9416,tortega@example.com,Christopher Valadez,&AcmC2uDE1,Cali,"Carrera 4Âª # 73-5 Este, MarÃ­a la Baja, 916364",4419778394
52,barbara.waits5007,torresdaniela@example.com,Barbara Waits,w0!5SVFjAl,MedellÃ­n,"Cl. 27F # 6-6 Este, Bucaramanga, 949014",9134734184
53,mary.ramirez2871,garciajuan@example.com,Mary Ramirez,Uv@nj3Rhxe,Cali,"Diagonal 7Âª # 2-98 Sur, SoracÃ¡, 814383",6156712290
54,brian.vaughan108,patricia28@example.net,Brian Vaughan,N55aRii$!d,Cartagena,"Cl. 7K # 46-58, San JosÃ© del Guaviare, 765685",2602244060
55,leslie.cleckler8275,guzmandoris@example.org,Leslie Cleckler,1$6LjS+4DR,Cali,"Diagonal 146 Bis # 1O-2, Dabeiba, 154198",6636909302
56,doretha.johnson5673,lramos@example.net,Doretha Johnson,(FxYWi@R9S,Cartagena,"Avenida carrera 9Âª # 28-4 Sur, San Gil, 859776",9683061503
57,denise.wren845,qmaldonado@example.net,Denise Wren,B%27E80!6a,Cartagena,"Avenida Teruel # 3-48 Este, La Playa, 954915",1281325286
58,george.doe1113,davidsolano@example.com,George Doe,VW#(mCgc^2,MedellÃ­n,"Av. carrera 165 # 3-76 Este, EntrerrÃ­os, 881339",6257776052
59,paula.mach3311,vcordoba@example.org,Paula Mach,^7D^s)+Hyq,BogotÃ¡,"Cr. 6X Bis # 5-30 Este, Quipile, 232351",1300229264
60,denise.mosqueda178,ines13@example.org,Denise Mosqueda,F20YfSQj+R,MedellÃ­n,"Cr. 4Âª # 13-3 Este, Teorama, 153048",4783806782
61,louise.wolf9199,alvarezlina@example.net,Louise Wolf,tUw0L5sCL@,Cartagena,"Calle 62 # 82-4 Este, Bituima, 636504",3446786065
62,dan.bruce6313,hernan49@example.com,Dan Bruce,H(14PxIb_R,MedellÃ­n,"Av. calle 17 # 1-2, InzÃ¡, 185721",7239931788
63,antione.waldron9415,jestrada@example.net,Antione Waldron,!eP^r3Tw)G,Cartagena,"Carrera 195 # 35-3 Este, San Pedro, 975245",5580080530
64,gina.malinski9789,monsalveluz@example.org,Gina Malinski,!1FUA*GsSW,Cartagena,"Cl. 12 # 5-65, Puerto LeguÃ­zamo, 528200",1360203673
65,james.jackson6012,edinson75@example.org,James Jackson,FPQM3oRy@3,MedellÃ­n,"Carrera 78 # 2-15, Bugalagrande, 950829",1223800882
66,elsie.cook6274,perdomosteven@example.net,Elsie Cook,*7L7I1lpjv,Cali,"Carrera 112B # 44-77 Este, Fosca, 814879",4707235095
67,pearl.sheffield7770,deicyosorio@example.org,Pearl Sheffield,&(aEFZoD94,Cali,"Av. MarÃ­n # 26-2 Sur, GÃ¡mbita, 815526",1975307981
68,lillian.gallup6057,ever51@example.org,Lillian Gallup,b6B6dF0n&+,Cali,"Avenida HernÃ¡ndez # 9-36 Sur, Salgar, 175128",0280583288
69,lu.cameron3304,pgarcia@example.com,Lu Cameron,%S0Y@UNu!P,BogotÃ¡,"Carrera 30 # 2-49, Tarso, 995848",9526832870
70,kevin.hernandez6282,osoriojhon@example.com,Kevin Hernandez,_9mnsQnCtH,BogotÃ¡,"Av. CÃ³rdoba # 7-5 Este, SaldaÃ±a, 867641",0396126712
71,carleen.williams3072,vmartinez@example.net,Carleen Williams,(9PTdxdmI%,MedellÃ­n,"Transversal 91 # 98-7 Este, CajibÃ­o, 810453",8304131282
72,john.kim431,enithrodriguez@example.com,John Kim,d36Xw6xF)O,Cartagena,"Calle 87 # 76-57, San JosÃ© de Miranda, 523887",4157006336
73,william.major5373,luz93@example.com,William Major,NKe4u_Vc5!,BogotÃ¡,"Avenida JesÃºs Carlos Monsalve # 82-79, El Zulia, 446499",6522495804
74,michael.rodas6075,elenauribe@example.net,Michael Rodas,+o2R_JKlk5,Cali,"Cr. 72 # 44-68 Sur, DonmatÃ­as, 052606",9882176404
75,ted.brown4918,rarias@example.net,Ted Brown,(e9^gBBx1z,Cali,"Cl. 79 # 40-54 Este, Arauca, 473401",0384421103
76,frank.ainsworth6828,valvarez@example.net,Frank Ainsworth,xJ5AYs5v&U,MedellÃ­n,"Diagonal 99K # 1-52 Sur, Aguadas, 664660",6721536232
77,samuel.clapper9367,cruiz@example.net,Samuel Clapper,Z(M7rr9a%E,Cali,"Cr. 68 # 58-82 Este, Puebloviejo, 179206",3154013159
78,roberto.yoo6431,diana55@example.net,Roberto Yoo,+U5!Ylrq)#,Cali,"Calle 48 # 56-2 Este, Lebrija, 911589",6318583951
79,mary.toro5308,maira83@example.org,Mary Toro,O_O2Iw$T8_,Cartagena,"Cl. 9Âª # 3F-4, Argelia, 975790",4424878790
80,emma.ramey2214,alexander15@example.com,Emma Ramey,eBz8sD9jm),Cali,"Carrera 8Âª # 17-7 Este, Guamal, 194233",5165397161
81,francis.lance5064,rsanchez@example.org,Francis Lance,^D1A9gI!Pc,MedellÃ­n,"Carrera 13 # 6-8 Este, San MartÃ­n, 660730",8681253094
82,colton.oliver6271,brayantamayo@example.org,Colton Oliver,u)8oIP7ucG,MedellÃ­n,"Cr. 66Q # 87-77, Villa Caro, 186566",4283737829
83,charity.picou2044,moralesgerman@example.net,Charity Picou,N983CnFt#g,Cali,"Dg. 93 # 89-15 Este, Canalete, 050323",7440757226
84,harold.jones2836,carlosballesteros@example.com,Harold Jones,X$z^7AhWF_,BogotÃ¡,"Cr. 171H # 6-6 Este, San Carlos de Guaroa, 810487",1196888391
85,julie.kille2512,juan08@example.net,Julie Kille,aeDjT9yc*8,MedellÃ­n,"Tr. 45 # 7-9, Heliconia, 159934",8689001783
86,willie.hurt9327,monicagomez@example.com,Willie Hurt,#cmBcJs)d1,MedellÃ­n,"Avenida Huila # 56C-87, SampuÃ©s, 940993",9875331518
87,ronald.morrow9133,ecampo@example.net,Ronald Morrow,l5R^k&ys+t,Cali,"Av. Castro # 76-78 Sur, Buenaventura, 541448",6300654540
88,christian.lyon3844,sebastian01@example.net,Christian Lyon,Df@9K0UjjS,BogotÃ¡,"Transversal 161J Sur # 37-74 Sur, Arroyohondo, 547150",0874263225
89,david.simpson5241,marinacardenas@example.com,David Simpson,NsL6Rv8h&&,Cali,"Carrera 90 # 7G-3, Guateque, 942507",1303478224
90,melvin.introini181,nangulo@example.net,Melvin Introini,%#26Z+cuTY,Cali,"Calle 143 Bis # 66V-86 Este, Mahates, 183784",8751532153
91,mamie.holmes5500,orlando85@example.com,Mamie Holmes,$8Z_re6byA,Cali,"Calle 7V # 5-70, GuatapÃ©, 737538",4321514329
92,thomas.weinberg3688,olga10@example.com,Thomas Weinberg,x2loa$kf$V,Cartagena,"Cr. 159B # 1-8 Sur, Morales, 413453",7111706866
93,joshua.augustine1629,carolinacardona@example.org,Joshua Augustine,8mjG4Z8QK),BogotÃ¡,"Calle 30P # 2-4, Baranoa, 700515",5808826017
94,michael.smith1788,diego71@example.net,Michael Smith,#pZRcW$x)0,Cali,"Calle 30N # 4-4 Sur, Sutatausa, 958005",1861589335
95,allen.scarce5896,mperez@example.net,Allen Scarce,K)2HQ67lOo,Cali,"Cr. 148 # 7-1, San JosÃ© de Toluviejo, 884701",1530648584
96,teresa.whited7233,rafael57@example.net,Teresa Whited,@5)d5FMF#v,MedellÃ­n,"Cl. 6 Bis W # 97-90 Este, Ansermanuevo, 208239",8185382027
97,robin.garza4263,joseperez@example.org,Robin Garza,YEl3UvVe_6,BogotÃ¡,"Tr. 3Âª # 6P-6 Este, Ãbrego, 415635",2236494860
98,stephen.colby4668,alejandrodiaz@example.com,Stephen Colby,)7D+QyV(Y1,BogotÃ¡,"Av. carrera 81 # 16-23, FundaciÃ³n, 051949",9582383960
99,robert.sullivan4051,castrojudith@example.com,Robert Sullivan,g&2DGWRm^%,MedellÃ­n,"Dg. 38 # 98E-45 Sur, Villavicencio, 971274",9619652951
100,mark.paulsen3167,angieparra@example.com,Mark Paulsen,0_QjCSg9_6,BogotÃ¡,"Cr. 3Âª # 4-79 Sur, Santa BÃ¡rbara, 683088",5386977972
101,george.fair6543,albaordonez@example.com,George Fair,6R5u6J3u+u,BogotÃ¡,"Av. Johan Franklin Acosta # 27B-17 Este, Gigante, 258027",4839683994
102,lynn.colbert4735,torrescecilia@example.com,Lynn Colbert,V!78Eb)x#I,BogotÃ¡,"Av. carrera 3Âª # 96-5 Este, San Juan de Rioseco, 707215",9148704154
103,jeffrey.mitchell5494,nelson34@example.net,Jeffrey Mitchell,vc95Eu+l@I,Cartagena,"Av. carrera 79 # 34F-8 Este, Dosquebradas, 130749",4971280272
104,timothy.owens6167,eyepes@example.net,Timothy Owens,%DeWHmpo3p,MedellÃ­n,"Cr. 17 # 2-47 Este, Granada, 237000",8424011557
105,erin.ratz8040,qcamacho@example.org,Erin Ratz,$LXWgc4iF0,BogotÃ¡,"Diagonal 84 # 2-89 Sur, Guarne, 955716",3133728366
106,paul.kocka4938,wpalacios@example.net,Paul Kocka,**4X_aJ(7b,Cartagena,"Avenida Guaviare # 7-92, Uribia, 084424",0799924206
107,darrin.slater7092,carolina17@example.org,Darrin Slater,stPbjcNV)9,Cali,"Cl. 182O Este # 51-40 Este, NechÃ­, 525830",0362632648
108,edwin.labrie4945,joseperez@example.org,Edwin Labrie,y#pD7VPzOq,MedellÃ­n,"Av. Agrado # 6J-17 Sur, Zona Bananera, 500082",0559881803
109,thomas.killin6924,barretojose@example.com,Thomas Killin,7o@sTAWo%6,MedellÃ­n,"Calle 8Y Este # 7-8 Este, Ponedera, 112851",3554662559
110,frank.perez8993,hernandezjesus@example.net,Frank Perez,+V_BFoOeB6,Cali,"Av. calle 3Âª # 7-8, BojacÃ¡, 133964",0613430329
111,gary.kennard7222,diegopena@example.com,Gary Kennard,$3zG_4z#J2,BogotÃ¡,"Avenida VianÃ­ # 2W-1 Sur, El Cocuy, 816402",8845416257
112,kay.luna8700,miguelcalderon@example.net,Kay Luna,f@5Px6xfFP,Cali,"Cr. 46Q # 3-3 Sur, Puerto Escondido, 202768",1870984982
113,jamie.walk6706,beltranjohanna@example.org,Jamie Walk,$(uQ7Kz7_x,BogotÃ¡,"Carrera 67 # 32D-7, Puerto Triunfo, 730377",0621191656
114,brenda.mariscal9780,correairma@example.net,Brenda Mariscal,%H_)2YAxMk,Cartagena,"Av. Santa Catalina # 8-47, Aguazul, 810533",2865844311
115,dean.smith5151,ffernandez@example.com,Dean Smith,N@K!55DRBt,BogotÃ¡,"Dg. 72 # 6-45, Barbosa, 473238",1607369806
116,iris.williams9592,marcelacuesta@example.net,Iris Williams,n+fw54Zn8i,MedellÃ­n,"Cl. 90 # 97-2 Sur, JamundÃ­, 239654",1879619351
117,stephanie.ranallo7717,kevin99@example.net,Stephanie Ranallo,s#zy4Pc&eK,Cali,"Tr. 53 # 66-98 Sur, San Luis de SincÃ©, 542964",3536632388
118,donald.kuykendall4441,andreamesa@example.com,Donald Kuykendall,)K3V*sY3Qf,Cali,"Cl. 91 # 65M-8, Baranoa, 444013",1333460692
119,bryan.bush7459,smercado@example.net,Bryan Bush,Gke#2Ljzj2,Cartagena,"Av. carrera 6Âª # 1-67 Este, AnzoÃ¡tegui, 916929",7775505815
120,elizabeth.hayes3375,gloria06@example.net,Elizabeth Hayes,K6W45sx4(g,MedellÃ­n,"Cr. 4F # 78-8, Palmito, 940809",9236640095
121,sue.musser2513,mezajesus@example.net,Sue Musser,yU2JDl(y!(,Cartagena,"Cl. 117 # 5-9, TimbÃ­o, 188940",9015561882
122,joyce.birks6285,bejaranojesus@example.org,Joyce Birks,^9Pu5n9tX_,Cali,"Avenida calle 27 # 3-76, PeÃ±ol, 230550",6900028406
123,paul.bradley8500,mariamunoz@example.org,Paul Bradley,9d&H#WOq!D,MedellÃ­n,"Cl. 43 # 6-7 Sur, Toro, 139016",7485508966
124,hung.stedman8269,albertovanegas@example.com,Hung Stedman,jB$HAKq^(7,Cali,"Cr. 127 Bis # 6-63 Este, MÃ¡laga, 171531",4550912530
125,janet.fontana1822,dmontoya@example.com,Janet Fontana,Y3+M7UiK%n,BogotÃ¡,"Cl. 24 # 38N-5 Este, San Lorenzo, 508166",4080850338
126,paul.cantrell8480,fabianmedina@example.net,Paul Cantrell,y&Uz0chZ*4,BogotÃ¡,"Carrera 3C # 54-78, CÃ³rdoba, 053363",7408912065
127,maria.foulk6465,cfajardo@example.net,Maria Foulk,&T&8RbkdY5,Cartagena,"Cl. 46 # 8-13 Sur, San Fernando, 955103",4403085636
128,donald.stratton1368,garciayury@example.net,Donald Stratton,Q_2KhQH$%R,Cartagena,"Avenida Tolima # 7T-16 Sur, Linares, 119598",3347357063
129,melba.bennett2606,alfredoibarra@example.org,Melba Bennett,+(HrqoCps1,BogotÃ¡,"Cr. 41 # 2K-44, Calamar, 171988",1088853953
130,twila.lawhorn4371,giovannigalvis@example.com,Twila Lawhorn,)1OMTAaSXt,MedellÃ­n,"Diagonal 53 # 36-57 Sur, AbriaquÃ­, 632571",4542968366
131,renee.layne913,vcardona@example.com,Renee Layne,+y3Dut+cB_,BogotÃ¡,"Transversal 8Z Este # 2-88 Sur, La MontaÃ±ita, 440555",5704529828
132,bonnie.rodriguez4535,mariagarcia@example.net,Bonnie Rodriguez,@$6K^MDx*1,Cali,"Cl. 16R # 81-47, Santa Helena del OpÃ³n, 668226",0974623776
133,israel.austin9719,eduardo82@example.com,Israel Austin,*0W#1Gba!Q,BogotÃ¡,"Dg. 1 Este # 78J-8 Sur, Puerto Rico, 419862",0149395424
134,dennis.durham5005,yinethramirez@example.net,Dennis Durham,+d&zMyJPj1,BogotÃ¡,"Tr. 199C Bis # 60-4 Este, Iles, 940773",4342756127
135,ed.zwolinski4872,arteagacarlos@example.org,Ed Zwolinski,s(7SQgZtxd,MedellÃ­n,"Cr. 117 # 6-8 Sur, San AndrÃ©s de Tumaco, 540832",8791449193
136,edward.gulke7571,qbenitez@example.com,Edward Gulke,_2Gh53CzzG,BogotÃ¡,"Av. Gamboa # 64-4 Sur, El Carmen de Atrato, 971996",0715116066
137,betty.robertson4832,josue44@example.net,Betty Robertson,$q0!Ietf)_,MedellÃ­n,"Cr. 20 # 37D-70 Este, Caicedonia, 207793",9072105767
138,stephanie.mcgee7737,smosquera@example.net,Stephanie Mcgee,o^*)81PtWW,MedellÃ­n,"Dg. 99Q # 69-66 Este, RÃ­o Viejo, 919556",4258912140
139,michele.mitchell9502,diegoanaya@example.net,Michele Mitchell,6CX*VpQl@7,Cali,"Calle 47 # 78-83 Este, Ubaque, 087628",2948843877
140,nichole.sherbert9201,alexandraescobar@example.org,Nichole Sherbert,H#9H)CYiM1,MedellÃ­n,"Calle 9V Bis # 76-48 Este, BelalcÃ¡zar, 234914",8317023361
141,pearl.martinez5544,ortegastella@example.com,Pearl Martinez,$_PL2udo3f,Cartagena,"Cl. 17K # 2-57 Sur, Puerto BerrÃ­o, 447807",1784462131
142,marie.irvin2923,aescobar@example.com,Marie Irvin,!^07Sat#Z@,BogotÃ¡,"Av. calle 5Âª # 55-4 Sur, Ospina, 052754",8482905638
143,stephen.debem4362,andres35@example.com,Stephen Debem,^xtuN)JcK3,Cali,"Avenida Shirley Teresa Salazar # 7I-9, La Victoria, 811249",4026662613
144,william.miller4288,manuel54@example.org,William Miller,C9gGPha$^M,BogotÃ¡,"Avenida Karina Mary GÃ³mez # 7-9, Puerto Tejada, 252248",6414945183
145,irene.harrell5638,antoniopineda@example.net,Irene Harrell,__379Kmn5u,Cali,"Cr. 104 # 41-5, Cisneros, 767922",7163242675
146,mariam.reese8471,hugobedoya@example.org,Mariam Reese,_cmE(aNwn4,BogotÃ¡,"Cr. 3R # 63-39 Este, Molagavita, 885464",3605009934
147,laura.griffen2381,kgonzalez@example.net,Laura Griffen,@_R5FUbM%F,BogotÃ¡,"Cl. 39H # 85-4 Este, La Uvita, 864544",2747588091
148,bryan.orona2758,kcorrea@example.com,Bryan Orona,J+!4NoRn3i,MedellÃ­n,"Cl. 63 # 1-7 Sur, LÃ³pez de Micay, 760380",3180140062
149,carolyn.geraci2207,lvalencia@example.org,Carolyn Geraci,4OCbRT6i&2,BogotÃ¡,"Cr. 11 # 2-5 Sur, BriceÃ±o, 880421",8486225155
150,shirley.beasley2863,kmartinez@example.net,Shirley Beasley,xwn9KYSo_y,BogotÃ¡,"Av. Alberto Restrepo Silva # 2-37, Floridablanca, 118669",6919657669
151,krystal.macpherson35,doris13@example.org,Krystal Macpherson,@23zDDcnc2,MedellÃ­n,"Cl. 4Âª # 97-2 Este, Pueblorrico, 204709",0095025201
152,ethel.barks7510,wilson14@example.net,Ethel Barks,HqVYX9tI)0,MedellÃ­n,"Cr. 26 # 36G-3 Este, San Luis, 410246",1588776375
153,lynne.chavez4494,fhernandez@example.com,Lynne Chavez,^E3Dt1ce_w,BogotÃ¡,"Av. carrera 6Âª # 6-5 Sur, TuluÃ¡, 687911",6519325186
154,mark.dobbins7959,ana53@example.org,Mark Dobbins,@qLlW6RoNn,Cartagena,"Carrera 71 # 6-55 Sur, CÃ³mbita, 948297",0375607911
155,christine.butler2179,nayibegomez@example.net,Christine Butler,U3!Bv)jp+u,Cali,"Cr. 75P # 88-99, La Tola, 914402",9734218083
156,otto.sepulveda285,yesid73@example.org,Otto Sepulveda,!o+3_NxGO+,MedellÃ­n,"Calle 30 # 84-92 Sur, VillagarzÃ³n, 235111",9754007127
157,eddie.rodriquez8577,david22@example.net,Eddie Rodriquez,_^x&4OSi$9,Cali,"Av. Camilo Ardila # 82-6 Sur, SimitÃ­, 153106",6506882343
158,lana.james9075,miriam82@example.com,Lana James,lecZ4Jp3)b,Cali,"Calle 70 # 4-60, BolÃ­var, 177187",8038684261
159,thomas.higgins8863,angulokaren@example.org,Thomas Higgins,i3FT$Euo&W,MedellÃ­n,"Calle 9E # 1-16 Sur, Labranzagrande, 660158",8276419490
160,sonia.ruivo4871,ceciliacastano@example.org,Sonia Ruivo,_U0N^28drx,Cali,"Cl. 53 # 93-3 Este, Iza, 546902",5714871052
161,john.wheelis4663,bcaicedo@example.com,John Wheelis,@wvy0KaO7R,MedellÃ­n,"Calle 37 # 75-90 Este, El PeÃ±Ã³n, 139281",5045606450
162,randall.moye7825,edwin58@example.org,Randall Moye,k*nP08HgfB,Cartagena,"Cr. 4M # 90-64, Girardota, 255046",4254438811
163,april.jackson4062,wmorales@example.net,April Jackson,#9$lAOv@sE,BogotÃ¡,"Calle 90 # 54-3 Sur, Suaza, 867132",1727523029
164,ashley.cox865,jbuitrago@example.net,Ashley Cox,Za0K(o#7z^,MedellÃ­n,"Carrera 147R # 39-1 Este, Policarpa, 501059",7919058625
165,donna.sandoval4144,anibalmoreno@example.net,Donna Sandoval,vS*57RdN**,Cali,"Avenida calle 164 # 8C-92, Barranquilla, 232844",9628428071
166,patricia.terry3358,qmartinez@example.net,Patricia Terry,Ry+5zBRe2y,MedellÃ­n,"Calle 23 # 55-6 Sur, PijiÃ±o del Carmen, 133007",3253898547
167,dawn.eidson5266,wcardona@example.net,Dawn Eidson,hX3AdiUDW(,BogotÃ¡,"Avenida carrera 5Âª # 6-11, ZapayÃ¡n, 194856",2761115212
168,david.smith6208,vperez@example.org,David Smith,P)7z(Hbk#+,Cartagena,"Cr. 10 # 78C-51 Sur, El Calvario, 918240",2331251941
169,michael.mayweather1975,hduque@example.com,Michael Mayweather,!0z^nv(wMl,MedellÃ­n,"Avenida CÃ³rdoba # 70-14 Sur, Fuente de Oro, 178533",5545339543
170,stanley.carner771,jair21@example.com,Stanley Carner,Y!5N86eEKY,MedellÃ­n,"Cl. 20 # 21R-90 Sur, Los Andes, 887396",6052478320
171,jose.daniels8640,vergaradaniel@example.net,Jose Daniels,O1@y1Ta)r&,MedellÃ­n,"Calle 111 # 50-70, TibanÃ¡, 185644",3236110962
172,ruth.grant2537,carlos02@example.org,Ruth Grant,G9$itZDw(Z,BogotÃ¡,"Av. carrera 89 # 17C-54, ElÃ­as, 191360",4779127659
173,mary.davenport4336,jorgecastro@example.org,Mary Davenport,VkQ3ZqKq_y,Cali,"Cr. 85 # 76-46 Sur, Barranca de UpÃ­a, 116152",8335628430
174,carolyn.haywood8034,fernandagarcia@example.org,Carolyn Haywood,^y4VnXeeI1,BogotÃ¡,"Cl. 15 # 3-6 Este, CajicÃ¡, 886819",3771412751
175,peggy.brown9819,gonzalezdiana@example.net,Peggy Brown,(sM!hlPW6$,BogotÃ¡,"Carrera 4Âª # 13-56 Este, El Dovio, 205312",5091265432
176,essie.hubert2539,rodriguezjohana@example.org,Essie Hubert,R^0OlQc*jK,BogotÃ¡,"Cr. 18 # 65-9, Guadalupe, 277588",0510519708
177,kermit.conroy4824,ksalas@example.org,Kermit Conroy,+9fLmiBt!V,Cali,"Calle 17 # 5-6, San Alberto, 441248",9400877333
178,chad.britt2941,sgil@example.net,Chad Britt,R72em)IoS+,BogotÃ¡,"Av. calle 22 # 56-7 Este, San Benito, 200916",2592422307
179,jason.cirillo476,judith99@example.net,Jason Cirillo,(vSBl4i8a9,BogotÃ¡,"Carrera 2P # 58-5 Sur, San Jacinto, 253220",2785227812
180,charles.crye1745,germanlozano@example.net,Charles Crye,JN2aVyQx#5,Cali,"Carrera 8Âª # 6-48 Sur, El Retorno, 544953",7990958682
181,karen.frasier3282,blancomaria@example.org,Karen Frasier,JmD5GGLu!%,MedellÃ­n,"Carrera 42 # 1W-59, El Cerrito, 177154",5100263528
182,dannie.westlake8335,julioramirez@example.net,Dannie Westlake,118xFJrn*n,MedellÃ­n,"Cl. 39 # 8S-41, ItagÃ¼Ã­, 181710",3899199053
183,lourdes.garland6669,varevalo@example.com,Lourdes Garland,XrPFX5Rz!R,Cartagena,"Cl. 18D # 4-5 Este, La Pedrera, 866823",0473385676
184,tammy.miller9997,eduardo52@example.org,Tammy Miller,D^s9rQNtA),BogotÃ¡,"Carrera 98 # 81-2, JericÃ³, 545858",7163137067
185,michele.phillips1133,lina03@example.org,Michele Phillips,H32NjTeJ*b,MedellÃ­n,"Carrera 54 # 79I-4, Luruaco, 635090",4197288348
186,john.windly5389,ycastro@example.net,John Windly,^Z0INfmAD3,BogotÃ¡,"Transversal 62 # 6-60, Caramanta, 470254",4482369706
187,brett.geist4919,henaogloria@example.com,Brett Geist,@0DA*G@s)q,MedellÃ­n,"Carrera 100 # 15C-54 Sur, Gamarra, 520039",7244143259
188,david.bivins7234,hramirez@example.org,David Bivins,1RG%QgHV(),Cali,"Carrera 98 # 4-2, San Luis, 187384",2999360755
189,karen.harbour239,andres12@example.com,Karen Harbour,$44M2w5gLM,BogotÃ¡,"Cr. 97 # 7-95 Sur, La Paz, 953637",5074475574
190,harvey.franklin651,vestrada@example.com,Harvey Franklin,%3JS@Z#i^U,MedellÃ­n,"Transversal 5L Este # 9-4, Villarrica, 546433",3264212701
191,tina.pera8076,nicolasperez@example.org,Tina Pera,XrOg&9CcCn,Cali,"Avenida Yamile Aguilar MuÃ±oz # 3-5 Este, MiritÃ­ - ParanÃ¡, 051172",8928171444
192,peter.deldonno2172,dvelasquez@example.org,Peter Deldonno,&8VxGUh1aj,BogotÃ¡,"Calle 164B # 4-33, Arboleda, 176065",7199455552
193,sheila.bowman4622,kperdomo@example.net,Sheila Bowman,V6jdIe51%^,BogotÃ¡,"Transversal 1Âª # 12-13, Tibacuy, 502245",5512953684
194,david.shor9078,eardila@example.com,David Shor,_2LNSmmmQ5,Cali,"Carrera 50A # 1R-5 Sur, Pamplonita, 476600",4944413202
195,larry.fleek1620,sneider02@example.org,Larry Fleek,48PtpqTy%P,Cartagena,"Avenida calle 82 # 47W-5, Sardinata, 665422",1045191501
196,rose.sawyer1109,stellaherrera@example.com,Rose Sawyer,x2Leal&9&E,Cali,"Calle 188Z Este # 1-5, Cerrito, 732198",1144942187
197,christopher.martinez8194,fbenavides@example.net,Christopher Martinez,)3XyLCmPxC,BogotÃ¡,"Cr. 71 # 9-82 Sur, Villanueva, 688474",8965889490
198,betty.myers342,sonia13@example.com,Betty Myers,E_791UTZBy,BogotÃ¡,"Carrera 9Âª # 86-18 Sur, BojacÃ¡, 661866",7688729284
199,martha.martin5149,jackelineortega@example.com,Martha Martin,@!e16SsUan,MedellÃ­n,"Dg. 8H # 5-41 Sur, Tota, 681743",5680417961
200,patricia.longoria2612,lguerra@example.org,Patricia Longoria,*eylPaQgk6,MedellÃ­n,"Cr. 4X # 8J-9 Sur, Arenal, 278292",1308673221
